{"cameraMode":{"drawMode":0,"name":"Shaded","section":"Shading Mode"},"sceneLighting":true,"audioPlay":false,"sceneViewState":{"showFog":true,"showMaterialUpdate":false,"showSkybox":true,"showFlares":true,"showImageEffects":true,"showParticleSystems":true},"in2DMode":false,"pivot":{"x":-0.2500411570072174,"y":-0.29304659366607668,"z":0.8410495519638062},"rotation":{"x":-0.2895101308822632,"y":0.294297993183136,"z":-0.09404734522104263,"w":-0.905946671962738},"size":2.2963814735412599,"orthographic":false}