{"cameraMode":{"drawMode":0,"name":"Shaded","section":"Shading Mode"},"sceneLighting":true,"audioPlay":false,"sceneViewState":{"showFog":true,"showMaterialUpdate":false,"showSkybox":true,"showFlares":true,"showImageEffects":true,"showParticleSystems":true},"in2DMode":false,"pivot":{"x":-0.08068117499351502,"y":0.43451446294784548,"z":-0.13042140007019044},"rotation":{"x":-0.004713829606771469,"y":0.9735058546066284,"z":-0.22774407267570496,"w":-0.020153816789388658},"size":1.5452344417572022,"orthographic":false}