{"cameraMode":{"drawMode":0,"name":"Shaded","section":"Shading Mode"},"sceneLighting":true,"audioPlay":false,"sceneViewState":{"showFog":true,"showMaterialUpdate":false,"showSkybox":true,"showFlares":true,"showImageEffects":true,"showParticleSystems":true},"in2DMode":false,"pivot":{"x":18.743999481201173,"y":0.5379999876022339,"z":33.77299880981445},"rotation":{"x":-0.22486914694309236,"y":-0.0038032452575862409,"z":0.0008781100623309612,"w":-0.9743847846984863},"size":2.8578836917877199,"orthographic":false}